{
    "accuracy": 0.6783536585365854,
    "precision": 0.6299212598425197,
    "recall": 0.32786885245901637,
    "f1_score": 0.431266846361186
}
